[
  {
    "name": {
      "firstName": "Ben",
      "lastName": "Oved"
    },
    "phone": "0500000000",
    "email": "ben@gmail.com",
    "password": "Aa123456!",
    "address": {
      "country": "Israel",
      "city": "netanya",
      "street": "nof ha hof",
      "houseNumber": "255"
    },
    "isAdmin": true
  },
  {
    "name": {
      "firstName": "adir",
      "lastName": "dahan"
    },
    "phone": "0500000000",
    "email": "adir@gmail.com",
    "password": "Aa123456!",
    "address": {
      "country": "Israel",
      "city": "shoosha",
      "street": "gan eden",
      "houseNumber": "4"
    }
  },
  {
    "name": {
      "firstName": "busi",
      "lastName": "ness"
    },
    "phone": "0500000000",
    "email": "busi@gmail.com",
    "password": "Aa123456!",
    "address": {
      "country": "Israel",
      "city": "Ashkeluna",
      "street": "nof ha hof",
      "houseNumber": "255"
    }
  }
]
